person_id,:organization_id
10217996,org9
103774486,org8
105033100,org9
13290587,org5
1389415257,org8
1394869912,org2
1398238537,org9
1400900759,org2
1401234110,org4
1403594377,org7
1403702365,org2
1403809434,org5
1403835168,org10
1403979144,org5
1409306700,org4
1410733743,org7
1419556433,org1
143663410,org5
143704623,org9
143842962,org10
143879633,org8
143906110,org2
144007515,org6
144024329,org7
144039860,org4
144153647,org5
144171096,org4
144245703,org1
144302930,org6
144329188,org1
144392618,org8
144416706,org2
144494743,org10
144568027,org1
144641551,org9
144658846,org3
144666776,org7
144668991,org10
144750678,org5
144768011,org10
144773815,org1
144850855,org4
145002767,org6
145044578,org8
145070630,org7
145173699,org9
145219017,org9
145250139,org10
145301017,org5
145305773,org8
145322246,org1
145326878,org8
145472032,org8
145479025,org5
145580839,org2
145739536,org3
145770133,org9
145986014,org5
14886336,org4
15022199,org9
150349792,org2
151121638,org6
1681226,org7
1684751,org10
1685097,org5
1693933,org3
1694512,org2
1695194,org2
1696394,org9
1699192,org2
1702139,org7
1702306,org9
1702467,org2
1703204,org10
1705151,org10
1705375,org6
1706223,org6
1706922,org3
1708906,org10
1709784,org1
1713030,org10
1713172,org9
1713648,org3
1714025,org9
1716043,org8
1718274,org5
1721711,org2
1730344,org8
1734682,org2
1736546,org2
1740822681,org5
1741342,org9
1741346,org6
1743774,org1
1746173,org4
1746871,org3
1751143,org8
1752888049,org9
1772311,org10
1774041,org9
1777646,org1
1791547,org9
1794160,org8
1796394,org3
1798186,org4
1803518,org3
1804361,org8
1809608,org2
1817470,org1
1821099,org4
1828049,org7
18356904,org1
1850588,org8
1860924,org1
1864942,org10
1881965,org2
1891554,org7
1894887,org3
1897202,org8
1903798,org1
1950081,org8
1968180,org1
1977200,org4
2019538,org7
2028869,org3
2044319,org10
2054073851,org4
2057331457,org3
2058740,org9
2059572334,org8
2061173271,org6
2064249638,org6
2064473584,org7
2064791867,org1
2065468132,org8
2066074494,org4
2066369448,org8
2070105034,org4
2073559355,org3
2073794811,org5
2078490339,org7
2080434643,org7
2082595527,org7
2083295023,org7
2084117002,org8
2089333,org7
2102129,org7
21024202,org2
2102926579,org4
2108047195,org10
2109461904,org2
2109590665,org1
2110490847,org8
2110677374,org10
2111034665,org10
2112395404,org4
2121691833,org3
2121692012,org1
2121692039,org3
2121701124,org1
2124626283,org8
2125673249,org10
2134146,org10
2176381,org3
2180167644,org3
2193901,org8
2198707,org8
2207212,org1
2207401,org10
2216703472,org5
2217073,org2
2220934,org9
2236429,org9
2238861,org10
22573315,org6
2271992963,org10
2285406,org1
2298635186,org4
2335456,org6
2338598,org3
2341999,org9
23605695,org2
2371988,org7
2409325,org3
2410119,org4
2434366,org6
2454799,org2
2460428,org5
2478931,org4
25003800,org7
2503073,org9
2516234,org3
2520357,org9
2521667,org5
25355201,org6
2559032,org4
25635969,org1
2573120,org5
2589314,org4
2590886,org5
2606269,org3
2661384,org4
2728740,org9
2730618,org6
2731035,org7
2748632,org4
2772109,org7
2790411,org9
2835741,org8
2856719,org8
2872113,org5
2873542,org7
2919642,org2
2922951,org6
2948541,org10
2967413,org10
2969299,org6
2982298,org6
3016228,org4
3019221,org3
3019341,org5
3083019,org9
3118051,org7
31380655,org4
31435894,org5
31472189,org5
31590259,org10
3159707,org6
31846192,org5
3188030,org4
3215556,org4
32267146,org8
3246503,org10
32535366,org5
3255268,org10
3255652,org6
3291006,org5
3308719,org7
33163897,org3
3393755,org5
34069293,org1
34110040,org8
3418946,org2
34399700,org9
34533996,org3
34580886,org6
3470782,org3
34815790,org3
34856697,org6
35003282,org5
35089024,org10
35106192,org6
35655815,org6
35774662,org4
36994619,org7
38736958,org7
39064908,org7
39269062,org10
39592606,org2
40046694,org8
4023152,org6
4047075,org2
40892737,org2
40895294,org7
40977242,org3
40996948,org1
4383001,org5
46207591,org3
47010888,org1
47539394,org6
47557631,org5
47774578,org4
48035814,org9
48107154,org9
48528884,org1
48662628,org10
49061836,org3
49330176,org10
49839849,org4
50118077,org7
50378124,org10
50669606,org8
50701671,org2
51228791,org10
51229930,org3
51488437,org6
52561170,org7
6324301,org2
71371263,org7
71636032,org4
72166011,org8
82250495,org10
8349792,org10
8613913,org3
9031926,org7
9083969,org9
9097705,org9
9106917,org6
9613825,org10
96510111,org6
9766598,org10
