:START_ID(Review),:END_ID(Paper)
r1,033275ccc2c7c5c38592ae893da0b5923cf90717
r2,033275ccc2c7c5c38592ae893da0b5923cf90717
r3,033275ccc2c7c5c38592ae893da0b5923cf90717
r4,459cf4e6476d5e19f1bc422c162bcded54ca7f95
r5,459cf4e6476d5e19f1bc422c162bcded54ca7f95
r6,459cf4e6476d5e19f1bc422c162bcded54ca7f95
r7,4340043a5a43f1863e080e3fc717f863ad21b51d
r8,4340043a5a43f1863e080e3fc717f863ad21b51d
r9,4340043a5a43f1863e080e3fc717f863ad21b51d
r10,1a85628dd645ea86b7c146613651fdb30bb32c1d
r11,1a85628dd645ea86b7c146613651fdb30bb32c1d
r12,1a85628dd645ea86b7c146613651fdb30bb32c1d
r13,5abf79226a8ffa2dcf33ca98bfc36c8bb01cc4fc
r14,5abf79226a8ffa2dcf33ca98bfc36c8bb01cc4fc
r15,5abf79226a8ffa2dcf33ca98bfc36c8bb01cc4fc
r16,59078a26c42e8609244f1c3e01f05af74a3773bf
r17,59078a26c42e8609244f1c3e01f05af74a3773bf
r18,59078a26c42e8609244f1c3e01f05af74a3773bf
r19,1cbbe1a129c0d1f53d8e16ca74238334372507dc
r20,1cbbe1a129c0d1f53d8e16ca74238334372507dc
r21,1cbbe1a129c0d1f53d8e16ca74238334372507dc
r22,86e9b0585c8b866665de18b2744d69aefff3e16d
r23,86e9b0585c8b866665de18b2744d69aefff3e16d
r24,86e9b0585c8b866665de18b2744d69aefff3e16d
r25,a20e707395132f750fa958ebc0ea629b23b57bfe
r26,a20e707395132f750fa958ebc0ea629b23b57bfe
r27,a20e707395132f750fa958ebc0ea629b23b57bfe
r28,d852660e15e82ae150dcde105639ba2c7d90f01f
r29,d852660e15e82ae150dcde105639ba2c7d90f01f
r30,d852660e15e82ae150dcde105639ba2c7d90f01f
r31,703d49a335799262e474ed8fe6044cd641a9e00a
r32,703d49a335799262e474ed8fe6044cd641a9e00a
r33,703d49a335799262e474ed8fe6044cd641a9e00a
r34,2d95c27d4ed8cfb8379164888cd79c6b239250b4
r35,2d95c27d4ed8cfb8379164888cd79c6b239250b4
r36,2d95c27d4ed8cfb8379164888cd79c6b239250b4
r37,93e6ba25e4c45c3f204a09b6a6b8b02bd3596091
r38,93e6ba25e4c45c3f204a09b6a6b8b02bd3596091
r39,93e6ba25e4c45c3f204a09b6a6b8b02bd3596091
r40,06424dcd3be195738b653d2ee4358d9974f4cb30
r41,06424dcd3be195738b653d2ee4358d9974f4cb30
r42,06424dcd3be195738b653d2ee4358d9974f4cb30
r43,bcca5c7e9180c4890936343d79e812cb16cbefb6
r44,bcca5c7e9180c4890936343d79e812cb16cbefb6
r45,bcca5c7e9180c4890936343d79e812cb16cbefb6
r46,0443c9a0fbb403d5e7d3593f5d286cb74ed0b490
r47,0443c9a0fbb403d5e7d3593f5d286cb74ed0b490
r48,0443c9a0fbb403d5e7d3593f5d286cb74ed0b490
r49,c858ba9bce833896b49878a6793dbb382ed83c9e
r50,c858ba9bce833896b49878a6793dbb382ed83c9e
r51,c858ba9bce833896b49878a6793dbb382ed83c9e
r52,f3e765ca2b8c4191759b141d2e5c42215ed9090d
r53,f3e765ca2b8c4191759b141d2e5c42215ed9090d
r54,f3e765ca2b8c4191759b141d2e5c42215ed9090d
r55,689c7a86d973895a14feb984b8faa3d5581038ef
r56,689c7a86d973895a14feb984b8faa3d5581038ef
r57,689c7a86d973895a14feb984b8faa3d5581038ef
r58,44ec06d911eed44ee99be61bd9ce964a824a2ed7
r59,44ec06d911eed44ee99be61bd9ce964a824a2ed7
r60,44ec06d911eed44ee99be61bd9ce964a824a2ed7
r61,8afa626901e6b77b3936b8eb64df4a5a538444a0
r62,8afa626901e6b77b3936b8eb64df4a5a538444a0
r63,8afa626901e6b77b3936b8eb64df4a5a538444a0
r64,6ea38aacc779506909d425aa19114b92bb1854f8
r65,6ea38aacc779506909d425aa19114b92bb1854f8
r66,6ea38aacc779506909d425aa19114b92bb1854f8
r67,59f1df2f60280eea79d195b9c561d52a77fb24de
r68,59f1df2f60280eea79d195b9c561d52a77fb24de
r69,59f1df2f60280eea79d195b9c561d52a77fb24de
r70,1d0d84a1f4e8de75151d88bd152816f18109d032
r71,1d0d84a1f4e8de75151d88bd152816f18109d032
r72,1d0d84a1f4e8de75151d88bd152816f18109d032
r73,6e87f544017f73670c44d9d0856340a289ff9e38
r74,6e87f544017f73670c44d9d0856340a289ff9e38
r75,6e87f544017f73670c44d9d0856340a289ff9e38
r76,659d8b24e53e8adfbcb1f16b26ada2cb8afa2c85
r77,659d8b24e53e8adfbcb1f16b26ada2cb8afa2c85
r78,659d8b24e53e8adfbcb1f16b26ada2cb8afa2c85
r79,b8e30590ac81875a7fc4f7cfd425bd5148a72f5c
r80,b8e30590ac81875a7fc4f7cfd425bd5148a72f5c
r81,b8e30590ac81875a7fc4f7cfd425bd5148a72f5c
r82,c867c372ed78e27c53feaf788e74aa7506302bbe
r83,c867c372ed78e27c53feaf788e74aa7506302bbe
r84,c867c372ed78e27c53feaf788e74aa7506302bbe
r85,d154d986c3a402c207c6c0e22093f2e1a878fe71
r86,d154d986c3a402c207c6c0e22093f2e1a878fe71
r87,d154d986c3a402c207c6c0e22093f2e1a878fe71
r88,2be77516f6233a9d3ebbf93b439c3658d955d2e5
r89,2be77516f6233a9d3ebbf93b439c3658d955d2e5
r90,2be77516f6233a9d3ebbf93b439c3658d955d2e5
r91,3876267a762615ac876df561b900aa6e564fc9b4
r92,3876267a762615ac876df561b900aa6e564fc9b4
r93,3876267a762615ac876df561b900aa6e564fc9b4
r94,39af4070dca3221d275898c55884167bc03fe73d
r95,39af4070dca3221d275898c55884167bc03fe73d
r96,39af4070dca3221d275898c55884167bc03fe73d
r97,1f4bee77bb69b92dd16ce0c3ad0f477f4ecf1d30
r98,1f4bee77bb69b92dd16ce0c3ad0f477f4ecf1d30
r99,1f4bee77bb69b92dd16ce0c3ad0f477f4ecf1d30
r100,6e4e15ab0d55232b93e76ddecb6c969a0d18f853
r101,6e4e15ab0d55232b93e76ddecb6c969a0d18f853
r102,6e4e15ab0d55232b93e76ddecb6c969a0d18f853
r103,647d0e540627c5a903299a90d20530f8e48c18d9
r104,647d0e540627c5a903299a90d20530f8e48c18d9
r105,647d0e540627c5a903299a90d20530f8e48c18d9
r106,13bd0e08713f0b340396634892d2c9e3c5bee548
r107,13bd0e08713f0b340396634892d2c9e3c5bee548
r108,13bd0e08713f0b340396634892d2c9e3c5bee548
r109,e8505f6175585713aa7b785285b3abc4113b57ef
r110,e8505f6175585713aa7b785285b3abc4113b57ef
r111,e8505f6175585713aa7b785285b3abc4113b57ef
r112,1731458f7ac96b23bd8ffe4c1bb71295772b5566
r113,1731458f7ac96b23bd8ffe4c1bb71295772b5566
r114,1731458f7ac96b23bd8ffe4c1bb71295772b5566
r115,8ada773522e0cc1b1a1b36b8e5d85417794a875f
r116,8ada773522e0cc1b1a1b36b8e5d85417794a875f
r117,8ada773522e0cc1b1a1b36b8e5d85417794a875f
r118,4f873d5a3ab80402e206a361eeffd3b69f014db0
r119,4f873d5a3ab80402e206a361eeffd3b69f014db0
r120,4f873d5a3ab80402e206a361eeffd3b69f014db0
r121,b3b64555a641afd3c8fc2da30bbb30b0b56e0c60
r122,b3b64555a641afd3c8fc2da30bbb30b0b56e0c60
r123,b3b64555a641afd3c8fc2da30bbb30b0b56e0c60
r124,12b8af038d27defddc972c9bbcdf151b2594ee69
r125,12b8af038d27defddc972c9bbcdf151b2594ee69
r126,12b8af038d27defddc972c9bbcdf151b2594ee69
r127,d47686fd5ce403fe962c80b651c8b130061a5d73
r128,d47686fd5ce403fe962c80b651c8b130061a5d73
r129,d47686fd5ce403fe962c80b651c8b130061a5d73
r130,e0fdd11f8ffe065081e2e4694a8855a766abe31a
r131,e0fdd11f8ffe065081e2e4694a8855a766abe31a
r132,e0fdd11f8ffe065081e2e4694a8855a766abe31a
r133,0134db5adf50c471906cbffa0d2f6a4fcbc0ae01
r134,0134db5adf50c471906cbffa0d2f6a4fcbc0ae01
r135,0134db5adf50c471906cbffa0d2f6a4fcbc0ae01
r136,f0dde44d5836ac8ae1d8a501b26317c952fe5abc
r137,f0dde44d5836ac8ae1d8a501b26317c952fe5abc
r138,f0dde44d5836ac8ae1d8a501b26317c952fe5abc
r139,620f78ee4a52c3f61e5600d5c354b2234d8f7858
r140,620f78ee4a52c3f61e5600d5c354b2234d8f7858
r141,620f78ee4a52c3f61e5600d5c354b2234d8f7858
r142,006bd41c4a52c64445afdbc67182715a476e09c8
r143,006bd41c4a52c64445afdbc67182715a476e09c8
r144,006bd41c4a52c64445afdbc67182715a476e09c8
r145,d7948ee13698eaa556716b4161202f8690e493ff
r146,d7948ee13698eaa556716b4161202f8690e493ff
r147,d7948ee13698eaa556716b4161202f8690e493ff
r148,16a65dcd609d48f79a9a271377628fdae5315a62
r149,16a65dcd609d48f79a9a271377628fdae5315a62
r150,16a65dcd609d48f79a9a271377628fdae5315a62
r151,f75f16b5cf0fc2e667d79a122190757bfccb0a3d
r152,f75f16b5cf0fc2e667d79a122190757bfccb0a3d
r153,f75f16b5cf0fc2e667d79a122190757bfccb0a3d
r154,b374939320dcba4255a14637d36bbee785a2d860
r155,b374939320dcba4255a14637d36bbee785a2d860
r156,b374939320dcba4255a14637d36bbee785a2d860
r157,d427db1ba2cc92b36d16a5e5114f1027c90fff68
r158,d427db1ba2cc92b36d16a5e5114f1027c90fff68
r159,d427db1ba2cc92b36d16a5e5114f1027c90fff68
r160,7549a6e03afdd42ae94c19235db076319eeb34f8
r161,7549a6e03afdd42ae94c19235db076319eeb34f8
r162,7549a6e03afdd42ae94c19235db076319eeb34f8
r163,ae876b07435880d0359ca68b30af90b2e3193ad4
r164,ae876b07435880d0359ca68b30af90b2e3193ad4
r165,ae876b07435880d0359ca68b30af90b2e3193ad4
r166,45063cf2e0116e700da5ca2863c8bb82ad4d64c2
r167,45063cf2e0116e700da5ca2863c8bb82ad4d64c2
r168,45063cf2e0116e700da5ca2863c8bb82ad4d64c2
r169,e89c22555d5e20a14669522838029c6f49893c57
r170,e89c22555d5e20a14669522838029c6f49893c57
r171,e89c22555d5e20a14669522838029c6f49893c57
r172,f51dfc161c98140d4156e512dd3b4f839cc7f491
r173,f51dfc161c98140d4156e512dd3b4f839cc7f491
r174,f51dfc161c98140d4156e512dd3b4f839cc7f491
r175,6cc4b0919f14bdcba4d3f1d97b04bd134bfb45c4
r176,6cc4b0919f14bdcba4d3f1d97b04bd134bfb45c4
r177,6cc4b0919f14bdcba4d3f1d97b04bd134bfb45c4
r178,f7a8573d4daa4083419a864ef7a8bf97bc0754e5
r179,f7a8573d4daa4083419a864ef7a8bf97bc0754e5
r180,f7a8573d4daa4083419a864ef7a8bf97bc0754e5
r181,e7f1640a76bbfdf701e6cd4d81163be2eb97a4de
r182,e7f1640a76bbfdf701e6cd4d81163be2eb97a4de
r183,e7f1640a76bbfdf701e6cd4d81163be2eb97a4de
r184,f3b0ca9d0c420e6c6bc24a5e9dd959e8c899b38e
r185,f3b0ca9d0c420e6c6bc24a5e9dd959e8c899b38e
r186,f3b0ca9d0c420e6c6bc24a5e9dd959e8c899b38e
r187,42fe18be6e9ff2c11e5b2347c93e131c9abc7a51
r188,42fe18be6e9ff2c11e5b2347c93e131c9abc7a51
r189,42fe18be6e9ff2c11e5b2347c93e131c9abc7a51
r190,91bd879d3fcbdb851c8442be47e7ee8fa4ef8586
r191,91bd879d3fcbdb851c8442be47e7ee8fa4ef8586
r192,91bd879d3fcbdb851c8442be47e7ee8fa4ef8586
r193,19c284f50869970a31f45cbec20d2db90aa278e3
r194,19c284f50869970a31f45cbec20d2db90aa278e3
r195,19c284f50869970a31f45cbec20d2db90aa278e3
r196,6b98410fcea56a1d8368fe31384d2cacdcf78fdc
r197,6b98410fcea56a1d8368fe31384d2cacdcf78fdc
r198,6b98410fcea56a1d8368fe31384d2cacdcf78fdc
r199,f6dc7097c06f58e93209f5cf14913c63dcfe183f
r200,f6dc7097c06f58e93209f5cf14913c63dcfe183f
r201,f6dc7097c06f58e93209f5cf14913c63dcfe183f
r202,cdadc2aa758d3abc1f77add07232f21df9287162
r203,cdadc2aa758d3abc1f77add07232f21df9287162
r204,cdadc2aa758d3abc1f77add07232f21df9287162
r205,a31b391917fbfc24675fc13a6724fe61460b425a
r206,a31b391917fbfc24675fc13a6724fe61460b425a
r207,a31b391917fbfc24675fc13a6724fe61460b425a
r208,5685a394b25fcb27b6ad91f7325f2e60a9892e2a
r209,5685a394b25fcb27b6ad91f7325f2e60a9892e2a
r210,5685a394b25fcb27b6ad91f7325f2e60a9892e2a
r211,416292827584552604807411db7262d7c28257e6
r212,416292827584552604807411db7262d7c28257e6
r213,416292827584552604807411db7262d7c28257e6
r214,9b3f2b73263ce06a6d61ef2ad9df7cce33e171f7
r215,9b3f2b73263ce06a6d61ef2ad9df7cce33e171f7
r216,9b3f2b73263ce06a6d61ef2ad9df7cce33e171f7
r217,325bbe2c92072b16645a5cded3b9eda3cb97660b
r218,325bbe2c92072b16645a5cded3b9eda3cb97660b
r219,325bbe2c92072b16645a5cded3b9eda3cb97660b
r220,e02acab3e0c44f425705865869f3e51f7998dd24
r221,e02acab3e0c44f425705865869f3e51f7998dd24
r222,e02acab3e0c44f425705865869f3e51f7998dd24
r223,02808823641975868e3212fd7ae859514fdbdf32
r224,02808823641975868e3212fd7ae859514fdbdf32
r225,02808823641975868e3212fd7ae859514fdbdf32
r226,c8df841db2bfe68fc7624f004217c0255f385063
r227,c8df841db2bfe68fc7624f004217c0255f385063
r228,c8df841db2bfe68fc7624f004217c0255f385063
r229,0daa156e7b4168df25733ce58680dd15b539fa50
r230,0daa156e7b4168df25733ce58680dd15b539fa50
r231,0daa156e7b4168df25733ce58680dd15b539fa50
r232,262fe2a2b5d1c0fa7feb63f3bf0c1fd81f1b7c80
r233,262fe2a2b5d1c0fa7feb63f3bf0c1fd81f1b7c80
r234,262fe2a2b5d1c0fa7feb63f3bf0c1fd81f1b7c80
r235,acf5fce7472de410985d223d3ce1271a5014d1e7
r236,acf5fce7472de410985d223d3ce1271a5014d1e7
r237,acf5fce7472de410985d223d3ce1271a5014d1e7
r238,45af864f2f9991eb9f9545fdec45ccf2adb5f0fa
r239,45af864f2f9991eb9f9545fdec45ccf2adb5f0fa
r240,45af864f2f9991eb9f9545fdec45ccf2adb5f0fa
r241,d6b68954d6acddce319de327af65d164bdfc5543
r242,d6b68954d6acddce319de327af65d164bdfc5543
r243,d6b68954d6acddce319de327af65d164bdfc5543
r244,71ca3a6c98c8b60117d01f324487ea8bfe34c54b
r245,71ca3a6c98c8b60117d01f324487ea8bfe34c54b
r246,71ca3a6c98c8b60117d01f324487ea8bfe34c54b
r247,342253053f72911edc54df84708f1c1a8db279b6
r248,342253053f72911edc54df84708f1c1a8db279b6
r249,342253053f72911edc54df84708f1c1a8db279b6
r250,f0c9fabba39fb5d471d6bd37f6d1c68811fef48b
r251,f0c9fabba39fb5d471d6bd37f6d1c68811fef48b
r252,f0c9fabba39fb5d471d6bd37f6d1c68811fef48b
r253,5b0ade1a2ae06e9d8b51f2d5c424a0cdad847e8a
r254,5b0ade1a2ae06e9d8b51f2d5c424a0cdad847e8a
r255,5b0ade1a2ae06e9d8b51f2d5c424a0cdad847e8a
r256,ae63486b2791b301ea4f31b654579687b2f2f95a
r257,ae63486b2791b301ea4f31b654579687b2f2f95a
r258,ae63486b2791b301ea4f31b654579687b2f2f95a
r259,575c8ee3782f37dd0e7df8b9f3161ae3e7783b1c
r260,575c8ee3782f37dd0e7df8b9f3161ae3e7783b1c
r261,575c8ee3782f37dd0e7df8b9f3161ae3e7783b1c
r262,8f6e3b466c4ecc6e0ff779e58cf1b885c7b09f11
r263,8f6e3b466c4ecc6e0ff779e58cf1b885c7b09f11
r264,8f6e3b466c4ecc6e0ff779e58cf1b885c7b09f11
r265,2529bb021fda27e1b4012ea62d68c26fd53efcd3
r266,2529bb021fda27e1b4012ea62d68c26fd53efcd3
r267,2529bb021fda27e1b4012ea62d68c26fd53efcd3
r268,ff784e951325b54f911c3c82bde5b3d6810459c3
r269,ff784e951325b54f911c3c82bde5b3d6810459c3
r270,ff784e951325b54f911c3c82bde5b3d6810459c3
r271,3b3df8387a7924c966c87662d4d2547e5c0fb662
r272,3b3df8387a7924c966c87662d4d2547e5c0fb662
r273,3b3df8387a7924c966c87662d4d2547e5c0fb662
r274,2aac97b85bfb33c0bae35be23b02238c79a937d7
r275,2aac97b85bfb33c0bae35be23b02238c79a937d7
r276,2aac97b85bfb33c0bae35be23b02238c79a937d7
r277,217c25a7dc4380f12497edf4d7d013d11195c005
r278,217c25a7dc4380f12497edf4d7d013d11195c005
r279,217c25a7dc4380f12497edf4d7d013d11195c005
r280,0e9882f5d9a4c0ee873f7806ffe645b0473377a7
r281,0e9882f5d9a4c0ee873f7806ffe645b0473377a7
r282,0e9882f5d9a4c0ee873f7806ffe645b0473377a7
r283,a5170eb87547140ee2e9d89e12e49e64b5f1f7d5
r284,a5170eb87547140ee2e9d89e12e49e64b5f1f7d5
r285,a5170eb87547140ee2e9d89e12e49e64b5f1f7d5
r286,0073395c4fec448b21963cf06ab01b671ccaaac3
r287,0073395c4fec448b21963cf06ab01b671ccaaac3
r288,0073395c4fec448b21963cf06ab01b671ccaaac3
r289,205d1d5689f7327d909f6a4addb2f0d98ab7d17e
r290,205d1d5689f7327d909f6a4addb2f0d98ab7d17e
r291,205d1d5689f7327d909f6a4addb2f0d98ab7d17e
r292,6300cd54e6ae992d87cb22ce536aa99a5f9e6ab4
r293,6300cd54e6ae992d87cb22ce536aa99a5f9e6ab4
r294,6300cd54e6ae992d87cb22ce536aa99a5f9e6ab4
r295,6008ea0ff9406834436c2ab39dca17390f978a23
r296,6008ea0ff9406834436c2ab39dca17390f978a23
r297,6008ea0ff9406834436c2ab39dca17390f978a23
r298,212d1c7cfad4d8dae39deb669337cb46b0274d78
r299,212d1c7cfad4d8dae39deb669337cb46b0274d78
r300,212d1c7cfad4d8dae39deb669337cb46b0274d78
