person_id,paper_id
40046694,033275ccc2c7c5c38592ae893da0b5923cf90717
2066369448,033275ccc2c7c5c38592ae893da0b5923cf90717
1708906,033275ccc2c7c5c38592ae893da0b5923cf90717
9031926,033275ccc2c7c5c38592ae893da0b5923cf90717
1702139,033275ccc2c7c5c38592ae893da0b5923cf90717
2216703472,459cf4e6476d5e19f1bc422c162bcded54ca7f95
2790411,459cf4e6476d5e19f1bc422c162bcded54ca7f95
1716043,459cf4e6476d5e19f1bc422c162bcded54ca7f95
2044319,4340043a5a43f1863e080e3fc717f863ad21b51d
1968180,1a85628dd645ea86b7c146613651fdb30bb32c1d
2772109,5abf79226a8ffa2dcf33ca98bfc36c8bb01cc4fc
144007515,5abf79226a8ffa2dcf33ca98bfc36c8bb01cc4fc
35003282,5abf79226a8ffa2dcf33ca98bfc36c8bb01cc4fc
2059572334,5abf79226a8ffa2dcf33ca98bfc36c8bb01cc4fc
145479025,5abf79226a8ffa2dcf33ca98bfc36c8bb01cc4fc
144171096,5abf79226a8ffa2dcf33ca98bfc36c8bb01cc4fc
2434366,5abf79226a8ffa2dcf33ca98bfc36c8bb01cc4fc
2516234,59078a26c42e8609244f1c3e01f05af74a3773bf
48035814,59078a26c42e8609244f1c3e01f05af74a3773bf
2573120,59078a26c42e8609244f1c3e01f05af74a3773bf
2073559355,59078a26c42e8609244f1c3e01f05af74a3773bf
2919642,1cbbe1a129c0d1f53d8e16ca74238334372507dc
2180167644,1cbbe1a129c0d1f53d8e16ca74238334372507dc
2124626283,1cbbe1a129c0d1f53d8e16ca74238334372507dc
25003800,1cbbe1a129c0d1f53d8e16ca74238334372507dc
2134146,1cbbe1a129c0d1f53d8e16ca74238334372507dc
18356904,1cbbe1a129c0d1f53d8e16ca74238334372507dc
15022199,1cbbe1a129c0d1f53d8e16ca74238334372507dc
1713648,1cbbe1a129c0d1f53d8e16ca74238334372507dc
2121691833,86e9b0585c8b866665de18b2744d69aefff3e16d
2121692012,86e9b0585c8b866665de18b2744d69aefff3e16d
2121692039,86e9b0585c8b866665de18b2744d69aefff3e16d
2121701124,86e9b0585c8b866665de18b2744d69aefff3e16d
2070105034,86e9b0585c8b866665de18b2744d69aefff3e16d
1403702365,a20e707395132f750fa958ebc0ea629b23b57bfe
144416706,a20e707395132f750fa958ebc0ea629b23b57bfe
1401234110,a20e707395132f750fa958ebc0ea629b23b57bfe
1809608,d852660e15e82ae150dcde105639ba2c7d90f01f
1736546,d852660e15e82ae150dcde105639ba2c7d90f01f
40977242,703d49a335799262e474ed8fe6044cd641a9e00a
1714025,703d49a335799262e474ed8fe6044cd641a9e00a
2772109,2d95c27d4ed8cfb8379164888cd79c6b239250b4
144245703,2d95c27d4ed8cfb8379164888cd79c6b239250b4
1777646,2d95c27d4ed8cfb8379164888cd79c6b239250b4
144658846,93e6ba25e4c45c3f204a09b6a6b8b02bd3596091
144768011,93e6ba25e4c45c3f204a09b6a6b8b02bd3596091
1703204,93e6ba25e4c45c3f204a09b6a6b8b02bd3596091
151121638,06424dcd3be195738b653d2ee4358d9974f4cb30
2110490847,06424dcd3be195738b653d2ee4358d9974f4cb30
2238861,06424dcd3be195738b653d2ee4358d9974f4cb30
1684751,06424dcd3be195738b653d2ee4358d9974f4cb30
3255268,06424dcd3be195738b653d2ee4358d9974f4cb30
2064791867,bcca5c7e9180c4890936343d79e812cb16cbefb6
1716043,bcca5c7e9180c4890936343d79e812cb16cbefb6
1419556433,0443c9a0fbb403d5e7d3593f5d286cb74ed0b490
51228791,0443c9a0fbb403d5e7d3593f5d286cb74ed0b490
2109461904,0443c9a0fbb403d5e7d3593f5d286cb74ed0b490
2728740,c858ba9bce833896b49878a6793dbb382ed83c9e
103774486,f3e765ca2b8c4191759b141d2e5c42215ed9090d
1740822681,f3e765ca2b8c4191759b141d2e5c42215ed9090d
3019341,f3e765ca2b8c4191759b141d2e5c42215ed9090d
2919642,689c7a86d973895a14feb984b8faa3d5581038ef
13290587,689c7a86d973895a14feb984b8faa3d5581038ef
3308719,689c7a86d973895a14feb984b8faa3d5581038ef
2125673249,689c7a86d973895a14feb984b8faa3d5581038ef
18356904,689c7a86d973895a14feb984b8faa3d5581038ef
3188030,689c7a86d973895a14feb984b8faa3d5581038ef
144641551,689c7a86d973895a14feb984b8faa3d5581038ef
1713648,689c7a86d973895a14feb984b8faa3d5581038ef
1699192,44ec06d911eed44ee99be61bd9ce964a824a2ed7
144329188,44ec06d911eed44ee99be61bd9ce964a824a2ed7
49061836,44ec06d911eed44ee99be61bd9ce964a824a2ed7
2058740,44ec06d911eed44ee99be61bd9ce964a824a2ed7
71636032,44ec06d911eed44ee99be61bd9ce964a824a2ed7
143842962,44ec06d911eed44ee99be61bd9ce964a824a2ed7
2271992963,8afa626901e6b77b3936b8eb64df4a5a538444a0
2478931,6ea38aacc779506909d425aa19114b92bb1854f8
144750678,6ea38aacc779506909d425aa19114b92bb1854f8
9083969,6ea38aacc779506909d425aa19114b92bb1854f8
2772109,59f1df2f60280eea79d195b9c561d52a77fb24de
144658846,59f1df2f60280eea79d195b9c561d52a77fb24de
35106192,59f1df2f60280eea79d195b9c561d52a77fb24de
144007515,59f1df2f60280eea79d195b9c561d52a77fb24de
2478931,59f1df2f60280eea79d195b9c561d52a77fb24de
2434366,59f1df2f60280eea79d195b9c561d52a77fb24de
150349792,1d0d84a1f4e8de75151d88bd152816f18109d032
2198707,1d0d84a1f4e8de75151d88bd152816f18109d032
31435894,6e87f544017f73670c44d9d0856340a289ff9e38
1794160,6e87f544017f73670c44d9d0856340a289ff9e38
2054073851,659d8b24e53e8adfbcb1f16b26ada2cb8afa2c85
145070630,659d8b24e53e8adfbcb1f16b26ada2cb8afa2c85
49061836,b8e30590ac81875a7fc4f7cfd425bd5148a72f5c
2454799,b8e30590ac81875a7fc4f7cfd425bd5148a72f5c
1681226,b8e30590ac81875a7fc4f7cfd425bd5148a72f5c
31846192,b8e30590ac81875a7fc4f7cfd425bd5148a72f5c
1894887,b8e30590ac81875a7fc4f7cfd425bd5148a72f5c
2748632,b8e30590ac81875a7fc4f7cfd425bd5148a72f5c
144153647,b8e30590ac81875a7fc4f7cfd425bd5148a72f5c
2341999,b8e30590ac81875a7fc4f7cfd425bd5148a72f5c
143842962,b8e30590ac81875a7fc4f7cfd425bd5148a72f5c
2066074494,c867c372ed78e27c53feaf788e74aa7506302bbe
39064908,c867c372ed78e27c53feaf788e74aa7506302bbe
1716043,c867c372ed78e27c53feaf788e74aa7506302bbe
144245703,d154d986c3a402c207c6c0e22093f2e1a878fe71
22573315,d154d986c3a402c207c6c0e22093f2e1a878fe71
144568027,d154d986c3a402c207c6c0e22093f2e1a878fe71
145044578,d154d986c3a402c207c6c0e22093f2e1a878fe71
48528884,2be77516f6233a9d3ebbf93b439c3658d955d2e5
1897202,2be77516f6233a9d3ebbf93b439c3658d955d2e5
1743774,2be77516f6233a9d3ebbf93b439c3658d955d2e5
1696394,2be77516f6233a9d3ebbf93b439c3658d955d2e5
2065468132,2be77516f6233a9d3ebbf93b439c3658d955d2e5
52561170,3876267a762615ac876df561b900aa6e564fc9b4
2220934,3876267a762615ac876df561b900aa6e564fc9b4
2922951,3876267a762615ac876df561b900aa6e564fc9b4
2335456,1f4bee77bb69b92dd16ce0c3ad0f477f4ecf1d30
1693933,1f4bee77bb69b92dd16ce0c3ad0f477f4ecf1d30
2070105034,1f4bee77bb69b92dd16ce0c3ad0f477f4ecf1d30
35089024,39af4070dca3221d275898c55884167bc03fe73d
35655815,39af4070dca3221d275898c55884167bc03fe73d
144245703,39af4070dca3221d275898c55884167bc03fe73d
2108047195,39af4070dca3221d275898c55884167bc03fe73d
2083295023,39af4070dca3221d275898c55884167bc03fe73d
2080434643,39af4070dca3221d275898c55884167bc03fe73d
1950081,39af4070dca3221d275898c55884167bc03fe73d
9766598,6e4e15ab0d55232b93e76ddecb6c969a0d18f853
32535366,6e4e15ab0d55232b93e76ddecb6c969a0d18f853
39592606,6e4e15ab0d55232b93e76ddecb6c969a0d18f853
3083019,6e4e15ab0d55232b93e76ddecb6c969a0d18f853
34110040,6e4e15ab0d55232b93e76ddecb6c969a0d18f853
143906110,6e4e15ab0d55232b93e76ddecb6c969a0d18f853
36994619,647d0e540627c5a903299a90d20530f8e48c18d9
2835741,647d0e540627c5a903299a90d20530f8e48c18d9
50701671,647d0e540627c5a903299a90d20530f8e48c18d9
48107154,647d0e540627c5a903299a90d20530f8e48c18d9
31590259,647d0e540627c5a903299a90d20530f8e48c18d9
48662628,647d0e540627c5a903299a90d20530f8e48c18d9
1752888049,13bd0e08713f0b340396634892d2c9e3c5bee548
1403809434,13bd0e08713f0b340396634892d2c9e3c5bee548
1860924,e8505f6175585713aa7b785285b3abc4113b57ef
3255652,e8505f6175585713aa7b785285b3abc4113b57ef
1685097,e8505f6175585713aa7b785285b3abc4113b57ef
144039860,e8505f6175585713aa7b785285b3abc4113b57ef
2070105034,1731458f7ac96b23bd8ffe4c1bb71295772b5566
1394869912,1731458f7ac96b23bd8ffe4c1bb71295772b5566
1389415257,1731458f7ac96b23bd8ffe4c1bb71295772b5566
3215556,8ada773522e0cc1b1a1b36b8e5d85417794a875f
1702467,8ada773522e0cc1b1a1b36b8e5d85417794a875f
1741346,8ada773522e0cc1b1a1b36b8e5d85417794a875f
145739536,8ada773522e0cc1b1a1b36b8e5d85417794a875f
23605695,4f873d5a3ab80402e206a361eeffd3b69f014db0
2590886,4f873d5a3ab80402e206a361eeffd3b69f014db0
1734682,4f873d5a3ab80402e206a361eeffd3b69f014db0
51229930,b3b64555a641afd3c8fc2da30bbb30b0b56e0c60
46207591,12b8af038d27defddc972c9bbcdf151b2594ee69
34815790,12b8af038d27defddc972c9bbcdf151b2594ee69
1977200,12b8af038d27defddc972c9bbcdf151b2594ee69
144392618,d47686fd5ce403fe962c80b651c8b130061a5d73
1702306,d47686fd5ce403fe962c80b651c8b130061a5d73
1705375,d47686fd5ce403fe962c80b651c8b130061a5d73
2082595527,e0fdd11f8ffe065081e2e4694a8855a766abe31a
145305773,e0fdd11f8ffe065081e2e4694a8855a766abe31a
40996948,620f78ee4a52c3f61e5600d5c354b2234d8f7858
2521667,620f78ee4a52c3f61e5600d5c354b2234d8f7858
144850855,620f78ee4a52c3f61e5600d5c354b2234d8f7858
145326878,620f78ee4a52c3f61e5600d5c354b2234d8f7858
1741342,620f78ee4a52c3f61e5600d5c354b2234d8f7858
145250139,620f78ee4a52c3f61e5600d5c354b2234d8f7858
40895294,006bd41c4a52c64445afdbc67182715a476e09c8
143879633,006bd41c4a52c64445afdbc67182715a476e09c8
1706223,006bd41c4a52c64445afdbc67182715a476e09c8
39592606,0134db5adf50c471906cbffa0d2f6a4fcbc0ae01
31472189,0134db5adf50c471906cbffa0d2f6a4fcbc0ae01
2057331457,0134db5adf50c471906cbffa0d2f6a4fcbc0ae01
143906110,0134db5adf50c471906cbffa0d2f6a4fcbc0ae01
1803518,0134db5adf50c471906cbffa0d2f6a4fcbc0ae01
1410733743,f0dde44d5836ac8ae1d8a501b26317c952fe5abc
1403979144,f0dde44d5836ac8ae1d8a501b26317c952fe5abc
2409325,f0dde44d5836ac8ae1d8a501b26317c952fe5abc
47010888,d7948ee13698eaa556716b4161202f8690e493ff
2073794811,d7948ee13698eaa556716b4161202f8690e493ff
49839849,16a65dcd609d48f79a9a271377628fdae5315a62
1400900759,16a65dcd609d48f79a9a271377628fdae5315a62
145173699,16a65dcd609d48f79a9a271377628fdae5315a62
145002767,16a65dcd609d48f79a9a271377628fdae5315a62
4023152,16a65dcd609d48f79a9a271377628fdae5315a62
2217073,16a65dcd609d48f79a9a271377628fdae5315a62
2559032,16a65dcd609d48f79a9a271377628fdae5315a62
1864942,16a65dcd609d48f79a9a271377628fdae5315a62
1881965,16a65dcd609d48f79a9a271377628fdae5315a62
6324301,16a65dcd609d48f79a9a271377628fdae5315a62
96510111,16a65dcd609d48f79a9a271377628fdae5315a62
10217996,16a65dcd609d48f79a9a271377628fdae5315a62
4383001,16a65dcd609d48f79a9a271377628fdae5315a62
2661384,16a65dcd609d48f79a9a271377628fdae5315a62
9766598,f75f16b5cf0fc2e667d79a122190757bfccb0a3d
39592606,f75f16b5cf0fc2e667d79a122190757bfccb0a3d
32535366,f75f16b5cf0fc2e667d79a122190757bfccb0a3d
143906110,f75f16b5cf0fc2e667d79a122190757bfccb0a3d
47010888,b374939320dcba4255a14637d36bbee785a2d860
1751143,b374939320dcba4255a14637d36bbee785a2d860
1721711,b374939320dcba4255a14637d36bbee785a2d860
1398238537,d427db1ba2cc92b36d16a5e5114f1027c90fff68
2285406,d427db1ba2cc92b36d16a5e5114f1027c90fff68
4047075,7549a6e03afdd42ae94c19235db076319eeb34f8
2064473584,7549a6e03afdd42ae94c19235db076319eeb34f8
145580839,7549a6e03afdd42ae94c19235db076319eeb34f8
1705151,7549a6e03afdd42ae94c19235db076319eeb34f8
1804361,ae876b07435880d0359ca68b30af90b2e3193ad4
47557631,ae876b07435880d0359ca68b30af90b2e3193ad4
144668991,45063cf2e0116e700da5ca2863c8bb82ad4d64c2
32267146,e89c22555d5e20a14669522838029c6f49893c57
144007515,e89c22555d5e20a14669522838029c6f49893c57
1706922,e89c22555d5e20a14669522838029c6f49893c57
2059572334,e89c22555d5e20a14669522838029c6f49893c57
3470782,e89c22555d5e20a14669522838029c6f49893c57
40892737,6cc4b0919f14bdcba4d3f1d97b04bd134bfb45c4
48107154,6cc4b0919f14bdcba4d3f1d97b04bd134bfb45c4
2460428,6cc4b0919f14bdcba4d3f1d97b04bd134bfb45c4
8613913,6cc4b0919f14bdcba4d3f1d97b04bd134bfb45c4
50701671,6cc4b0919f14bdcba4d3f1d97b04bd134bfb45c4
2028869,6cc4b0919f14bdcba4d3f1d97b04bd134bfb45c4
50669606,6cc4b0919f14bdcba4d3f1d97b04bd134bfb45c4
48662628,6cc4b0919f14bdcba4d3f1d97b04bd134bfb45c4
50378124,f51dfc161c98140d4156e512dd3b4f839cc7f491
50118077,f51dfc161c98140d4156e512dd3b4f839cc7f491
2236429,f51dfc161c98140d4156e512dd3b4f839cc7f491
1746871,f51dfc161c98140d4156e512dd3b4f839cc7f491
145986014,f51dfc161c98140d4156e512dd3b4f839cc7f491
9766598,f7a8573d4daa4083419a864ef7a8bf97bc0754e5
143906110,f7a8573d4daa4083419a864ef7a8bf97bc0754e5
32535366,f7a8573d4daa4083419a864ef7a8bf97bc0754e5
144668991,e7f1640a76bbfdf701e6cd4d81163be2eb97a4de
9613825,f3b0ca9d0c420e6c6bc24a5e9dd959e8c899b38e
3016228,f3b0ca9d0c420e6c6bc24a5e9dd959e8c899b38e
1817470,f3b0ca9d0c420e6c6bc24a5e9dd959e8c899b38e
1746173,f3b0ca9d0c420e6c6bc24a5e9dd959e8c899b38e
34533996,42fe18be6e9ff2c11e5b2347c93e131c9abc7a51
3418946,91bd879d3fcbdb851c8442be47e7ee8fa4ef8586
145770133,91bd879d3fcbdb851c8442be47e7ee8fa4ef8586
2873542,91bd879d3fcbdb851c8442be47e7ee8fa4ef8586
38736958,91bd879d3fcbdb851c8442be47e7ee8fa4ef8586
144666776,91bd879d3fcbdb851c8442be47e7ee8fa4ef8586
2872113,19c284f50869970a31f45cbec20d2db90aa278e3
35774662,19c284f50869970a31f45cbec20d2db90aa278e3
2589314,19c284f50869970a31f45cbec20d2db90aa278e3
2089333,19c284f50869970a31f45cbec20d2db90aa278e3
2948541,19c284f50869970a31f45cbec20d2db90aa278e3
1403594377,6b98410fcea56a1d8368fe31384d2cacdcf78fdc
34069293,6b98410fcea56a1d8368fe31384d2cacdcf78fdc
2730618,6b98410fcea56a1d8368fe31384d2cacdcf78fdc
2102926579,6b98410fcea56a1d8368fe31384d2cacdcf78fdc
31435894,cdadc2aa758d3abc1f77add07232f21df9287162
1794160,cdadc2aa758d3abc1f77add07232f21df9287162
2084117002,f6dc7097c06f58e93209f5cf14913c63dcfe183f
1403835168,f6dc7097c06f58e93209f5cf14913c63dcfe183f
2967413,f6dc7097c06f58e93209f5cf14913c63dcfe183f
144024329,f6dc7097c06f58e93209f5cf14913c63dcfe183f
1409306700,f6dc7097c06f58e93209f5cf14913c63dcfe183f
1796394,f6dc7097c06f58e93209f5cf14913c63dcfe183f
3019221,a31b391917fbfc24675fc13a6724fe61460b425a
1891554,a31b391917fbfc24675fc13a6724fe61460b425a
1730344,a31b391917fbfc24675fc13a6724fe61460b425a
9097705,a31b391917fbfc24675fc13a6724fe61460b425a
2731035,5685a394b25fcb27b6ad91f7325f2e60a9892e2a
2078490339,9b3f2b73263ce06a6d61ef2ad9df7cce33e171f7
2982298,416292827584552604807411db7262d7c28257e6
71371263,416292827584552604807411db7262d7c28257e6
2503073,416292827584552604807411db7262d7c28257e6
51488437,325bbe2c92072b16645a5cded3b9eda3cb97660b
2061173271,325bbe2c92072b16645a5cded3b9eda3cb97660b
2193901,325bbe2c92072b16645a5cded3b9eda3cb97660b
2064249638,e02acab3e0c44f425705865869f3e51f7998dd24
3393755,e02acab3e0c44f425705865869f3e51f7998dd24
2070105034,e02acab3e0c44f425705865869f3e51f7998dd24
144668991,02808823641975868e3212fd7ae859514fdbdf32
34856697,02808823641975868e3212fd7ae859514fdbdf32
25355201,02808823641975868e3212fd7ae859514fdbdf32
34580886,c8df841db2bfe68fc7624f004217c0255f385063
2856719,0daa156e7b4168df25733ce58680dd15b539fa50
1699192,0daa156e7b4168df25733ce58680dd15b539fa50
1850588,0daa156e7b4168df25733ce58680dd15b539fa50
145301017,0daa156e7b4168df25733ce58680dd15b539fa50
48035814,0daa156e7b4168df25733ce58680dd15b539fa50
1903798,0daa156e7b4168df25733ce58680dd15b539fa50
144668991,262fe2a2b5d1c0fa7feb63f3bf0c1fd81f1b7c80
3246503,acf5fce7472de410985d223d3ce1271a5014d1e7
2207212,acf5fce7472de410985d223d3ce1271a5014d1e7
3159707,acf5fce7472de410985d223d3ce1271a5014d1e7
144494743,acf5fce7472de410985d223d3ce1271a5014d1e7
145219017,acf5fce7472de410985d223d3ce1271a5014d1e7
1694512,acf5fce7472de410985d223d3ce1271a5014d1e7
9106917,45af864f2f9991eb9f9545fdec45ccf2adb5f0fa
39269062,d6b68954d6acddce319de327af65d164bdfc5543
2111034665,71ca3a6c98c8b60117d01f324487ea8bfe34c54b
47774578,71ca3a6c98c8b60117d01f324487ea8bfe34c54b
1891554,71ca3a6c98c8b60117d01f324487ea8bfe34c54b
9097705,71ca3a6c98c8b60117d01f324487ea8bfe34c54b
1730344,71ca3a6c98c8b60117d01f324487ea8bfe34c54b
14886336,342253053f72911edc54df84708f1c1a8db279b6
8349792,342253053f72911edc54df84708f1c1a8db279b6
49330176,342253053f72911edc54df84708f1c1a8db279b6
2109590665,342253053f72911edc54df84708f1c1a8db279b6
2110677374,ae63486b2791b301ea4f31b654579687b2f2f95a
2298635186,ae63486b2791b301ea4f31b654579687b2f2f95a
47539394,f0c9fabba39fb5d471d6bd37f6d1c68811fef48b
1730344,f0c9fabba39fb5d471d6bd37f6d1c68811fef48b
145322246,f0c9fabba39fb5d471d6bd37f6d1c68811fef48b
1891554,f0c9fabba39fb5d471d6bd37f6d1c68811fef48b
143663410,f0c9fabba39fb5d471d6bd37f6d1c68811fef48b
2371988,5b0ade1a2ae06e9d8b51f2d5c424a0cdad847e8a
2112395404,5b0ade1a2ae06e9d8b51f2d5c424a0cdad847e8a
1791547,5b0ade1a2ae06e9d8b51f2d5c424a0cdad847e8a
72166011,5b0ade1a2ae06e9d8b51f2d5c424a0cdad847e8a
143704623,5b0ade1a2ae06e9d8b51f2d5c424a0cdad847e8a
1772311,575c8ee3782f37dd0e7df8b9f3161ae3e7783b1c
31380655,8f6e3b466c4ecc6e0ff779e58cf1b885c7b09f11
145472032,8f6e3b466c4ecc6e0ff779e58cf1b885c7b09f11
1699192,2529bb021fda27e1b4012ea62d68c26fd53efcd3
1850588,2529bb021fda27e1b4012ea62d68c26fd53efcd3
48035814,2529bb021fda27e1b4012ea62d68c26fd53efcd3
21024202,ff784e951325b54f911c3c82bde5b3d6810459c3
34399700,ff784e951325b54f911c3c82bde5b3d6810459c3
2176381,ff784e951325b54f911c3c82bde5b3d6810459c3
49330176,ff784e951325b54f911c3c82bde5b3d6810459c3
2410119,2aac97b85bfb33c0bae35be23b02238c79a937d7
1695194,2aac97b85bfb33c0bae35be23b02238c79a937d7
33163897,2aac97b85bfb33c0bae35be23b02238c79a937d7
2102129,3b3df8387a7924c966c87662d4d2547e5c0fb662
145472032,3b3df8387a7924c966c87662d4d2547e5c0fb662
2207401,217c25a7dc4380f12497edf4d7d013d11195c005
25635969,217c25a7dc4380f12497edf4d7d013d11195c005
144302930,217c25a7dc4380f12497edf4d7d013d11195c005
1821099,217c25a7dc4380f12497edf4d7d013d11195c005
1699192,0e9882f5d9a4c0ee873f7806ffe645b0473377a7
1850588,0e9882f5d9a4c0ee873f7806ffe645b0473377a7
48035814,0e9882f5d9a4c0ee873f7806ffe645b0473377a7
1713172,0073395c4fec448b21963cf06ab01b671ccaaac3
3118051,0073395c4fec448b21963cf06ab01b671ccaaac3
3291006,0073395c4fec448b21963cf06ab01b671ccaaac3
2856719,a5170eb87547140ee2e9d89e12e49e64b5f1f7d5
1699192,a5170eb87547140ee2e9d89e12e49e64b5f1f7d5
1850588,a5170eb87547140ee2e9d89e12e49e64b5f1f7d5
145301017,a5170eb87547140ee2e9d89e12e49e64b5f1f7d5
48035814,a5170eb87547140ee2e9d89e12e49e64b5f1f7d5
1903798,a5170eb87547140ee2e9d89e12e49e64b5f1f7d5
2019538,205d1d5689f7327d909f6a4addb2f0d98ab7d17e
2520357,205d1d5689f7327d909f6a4addb2f0d98ab7d17e
144773815,205d1d5689f7327d909f6a4addb2f0d98ab7d17e
2606269,205d1d5689f7327d909f6a4addb2f0d98ab7d17e
1774041,205d1d5689f7327d909f6a4addb2f0d98ab7d17e
2338598,205d1d5689f7327d909f6a4addb2f0d98ab7d17e
1798186,205d1d5689f7327d909f6a4addb2f0d98ab7d17e
105033100,6300cd54e6ae992d87cb22ce536aa99a5f9e6ab4
2969299,6300cd54e6ae992d87cb22ce536aa99a5f9e6ab4
1828049,6300cd54e6ae992d87cb22ce536aa99a5f9e6ab4
82250495,6300cd54e6ae992d87cb22ce536aa99a5f9e6ab4
1713030,6300cd54e6ae992d87cb22ce536aa99a5f9e6ab4
34580886,6008ea0ff9406834436c2ab39dca17390f978a23
1709784,6008ea0ff9406834436c2ab39dca17390f978a23
1718274,6008ea0ff9406834436c2ab39dca17390f978a23
2102129,212d1c7cfad4d8dae39deb669337cb46b0274d78
145472032,212d1c7cfad4d8dae39deb669337cb46b0274d78
2145774899,ccca203382e5dd198c089a0f1d7af7bef0f694e9
2149052058,ccca203382e5dd198c089a0f1d7af7bef0f694e9
2153911296,ccca203382e5dd198c089a0f1d7af7bef0f694e9
40451574,ccca203382e5dd198c089a0f1d7af7bef0f694e9
143915524,ccca203382e5dd198c089a0f1d7af7bef0f694e9
4098270,ccca203382e5dd198c089a0f1d7af7bef0f694e9
144304984,ccca203382e5dd198c089a0f1d7af7bef0f694e9
144605904,91b63db746becca15090963a8990dfe2b5103799
47666658,f117c6f12d067bd66dad40996b3931c069daa2da
145802082,f117c6f12d067bd66dad40996b3931c069daa2da
1764975,f117c6f12d067bd66dad40996b3931c069daa2da
3132693,bf5a42b53d156c0811e88e60d2a49f9fd9367cae
2841157,bf5a42b53d156c0811e88e60d2a49f9fd9367cae
2855934,4b06c7e29280b1c6bc05c9df39023b48fef02c93
102471415,4b06c7e29280b1c6bc05c9df39023b48fef02c93
2087066452,4b06c7e29280b1c6bc05c9df39023b48fef02c93
133551208,4b06c7e29280b1c6bc05c9df39023b48fef02c93
2125031571,4b06c7e29280b1c6bc05c9df39023b48fef02c93
48667025,4b06c7e29280b1c6bc05c9df39023b48fef02c93
2269971203,85328b4a8132bf4299f8cd7f8e79e850d561c8fc
2261850659,85328b4a8132bf4299f8cd7f8e79e850d561c8fc
2416504,41d4e093d5f7ed5aae1aaa9eb6c037742e4cf9b1
2079538975,41d4e093d5f7ed5aae1aaa9eb6c037742e4cf9b1
46251839,cc017a62c605a0749e35a1264a46d62e78fb68b7
2237403667,cc017a62c605a0749e35a1264a46d62e78fb68b7
2283455003,cc017a62c605a0749e35a1264a46d62e78fb68b7
2348402835,1bc34cb22131554ba18f6ba9e6ede5beb42939f1
39060992,1bc34cb22131554ba18f6ba9e6ede5beb42939f1
38818867,4e6bba65f7636a655c778a3e54cc58e148468963
48024382,4e6bba65f7636a655c778a3e54cc58e148468963
2150744,38f5b53b49be555430f33b8363910191a3df1d14
2285074747,38f5b53b49be555430f33b8363910191a3df1d14
2881033,1d174f0e3c391368d0f3384a144a6c7487f2a143
46432110,1d174f0e3c391368d0f3384a144a6c7487f2a143
120550117,3a74bed911ccf213d9595b2b02a5b1c4ac4dcaf8
2139634153,178571a5cde984c895493e2eb6c5487449d055cf
12013287,178571a5cde984c895493e2eb6c5487449d055cf
1500673788,178571a5cde984c895493e2eb6c5487449d055cf
2156059845,178571a5cde984c895493e2eb6c5487449d055cf
2110812737,178571a5cde984c895493e2eb6c5487449d055cf
143908701,178571a5cde984c895493e2eb6c5487449d055cf
80193067,178571a5cde984c895493e2eb6c5487449d055cf
2152634067,92fd5aaeacaa332a725e72647e20baec5c73b73d
2468335,92fd5aaeacaa332a725e72647e20baec5c73b73d
2186480691,b904dcdbd7c7b33938583f2f57d05ca70e121ea9
2200758545,b904dcdbd7c7b33938583f2f57d05ca70e121ea9
2150706913,b904dcdbd7c7b33938583f2f57d05ca70e121ea9
65965701,b904dcdbd7c7b33938583f2f57d05ca70e121ea9
2200528122,b904dcdbd7c7b33938583f2f57d05ca70e121ea9
2143272549,b904dcdbd7c7b33938583f2f57d05ca70e121ea9
50556355,1597449a7f64b6bd24639b4deab96c8a8c184177
49776606,1597449a7f64b6bd24639b4deab96c8a8c184177
29011153,1597449a7f64b6bd24639b4deab96c8a8c184177
47474337,1597449a7f64b6bd24639b4deab96c8a8c184177
2153527172,1597449a7f64b6bd24639b4deab96c8a8c184177
50470670,1597449a7f64b6bd24639b4deab96c8a8c184177
2289710033,bf69c98fca9a9f6c1cde871beddbcdc668b77771
46584628,f12930cd5f58990badc1a7c5d2749cad004cfb0e
153250242,f12930cd5f58990badc1a7c5d2749cad004cfb0e
50561597,f12930cd5f58990badc1a7c5d2749cad004cfb0e
2068352939,f12930cd5f58990badc1a7c5d2749cad004cfb0e
119723024,fe44200fed05f9a7c656f2245deded8fd5f5e1e6
1725285,fe44200fed05f9a7c656f2245deded8fd5f5e1e6
34859953,94deb62af3054c49e7d80bd7eb3ed5efe990fc0b
2241838,94deb62af3054c49e7d80bd7eb3ed5efe990fc0b
1903243,94deb62af3054c49e7d80bd7eb3ed5efe990fc0b
2146248481,94deb62af3054c49e7d80bd7eb3ed5efe990fc0b
143769760,94deb62af3054c49e7d80bd7eb3ed5efe990fc0b
144984672,b6b7fea1846e85ac1e3c7e3adda6e65b127d0368
144929055,b6b7fea1846e85ac1e3c7e3adda6e65b127d0368
1403270550,b6b7fea1846e85ac1e3c7e3adda6e65b127d0368
35436614,b6b7fea1846e85ac1e3c7e3adda6e65b127d0368
47232798,b6b7fea1846e85ac1e3c7e3adda6e65b127d0368
144186679,b6b7fea1846e85ac1e3c7e3adda6e65b127d0368
1399003993,a0d18dddaa995b126ad373e33767b9b881d16b2f
1698784963,a0d18dddaa995b126ad373e33767b9b881d16b2f
2113276011,a0d18dddaa995b126ad373e33767b9b881d16b2f
89377594,a0d18dddaa995b126ad373e33767b9b881d16b2f
1792351,a0d18dddaa995b126ad373e33767b9b881d16b2f
2749823,752604994a7ca548ff2954114fc61a501d857b1c
143809890,752604994a7ca548ff2954114fc61a501d857b1c
1864298,752604994a7ca548ff2954114fc61a501d857b1c
121781054,752604994a7ca548ff2954114fc61a501d857b1c
2051250,752604994a7ca548ff2954114fc61a501d857b1c
2327630,752604994a7ca548ff2954114fc61a501d857b1c
134251468,8bba999de25bfb288b3f7f88e1d907aab02638b6
17711197,8bba999de25bfb288b3f7f88e1d907aab02638b6
144683061,8bba999de25bfb288b3f7f88e1d907aab02638b6
144189527,8bba999de25bfb288b3f7f88e1d907aab02638b6
2143716975,456c011594ecacdd24298a161787389ccbe4b88b
47795877,456c011594ecacdd24298a161787389ccbe4b88b
2118913820,456c011594ecacdd24298a161787389ccbe4b88b
145165793,456c011594ecacdd24298a161787389ccbe4b88b
2108122564,456c011594ecacdd24298a161787389ccbe4b88b
50378979,8b417c2be7a7707f372049fb1193f0d42f799562
144847901,8b417c2be7a7707f372049fb1193f0d42f799562
38608914,b34fc78de28be598e21118d7cb9d84d63374addc
49247239,b34fc78de28be598e21118d7cb9d84d63374addc
51017707,b34fc78de28be598e21118d7cb9d84d63374addc
46234199,b34fc78de28be598e21118d7cb9d84d63374addc
32336300,b34fc78de28be598e21118d7cb9d84d63374addc
2176030144,b34fc78de28be598e21118d7cb9d84d63374addc
2287603163,b34fc78de28be598e21118d7cb9d84d63374addc
2176030144,b34fc78de28be598e21118d7cb9d84d63374addc
1702878,02a88547d6f6022bebc9aba6723a310cdf132f3f
2414189,02a88547d6f6022bebc9aba6723a310cdf132f3f
2080786832,02a88547d6f6022bebc9aba6723a310cdf132f3f
2092936661,02a88547d6f6022bebc9aba6723a310cdf132f3f
1712422,02a88547d6f6022bebc9aba6723a310cdf132f3f
1733290,02a88547d6f6022bebc9aba6723a310cdf132f3f
2069618919,02a88547d6f6022bebc9aba6723a310cdf132f3f
2144586446,48fc9c42522184c652742255fdf31f7b9ed7ebae
12013287,48fc9c42522184c652742255fdf31f7b9ed7ebae
50384351,48fc9c42522184c652742255fdf31f7b9ed7ebae
2156059845,48fc9c42522184c652742255fdf31f7b9ed7ebae
1500673788,48fc9c42522184c652742255fdf31f7b9ed7ebae
2118916449,48fc9c42522184c652742255fdf31f7b9ed7ebae
120615721,48fc9c42522184c652742255fdf31f7b9ed7ebae
143908700,48fc9c42522184c652742255fdf31f7b9ed7ebae
80193067,48fc9c42522184c652742255fdf31f7b9ed7ebae
9139705,cbad0923db89f23febcbd6192ff4149289ff2ad9
2257020336,aca6d5f3866372a4506cf15773ae298f18c3f453
1729840,aca6d5f3866372a4506cf15773ae298f18c3f453
38152929,aca6d5f3866372a4506cf15773ae298f18c3f453
1490967734,aca6d5f3866372a4506cf15773ae298f18c3f453
143649421,efca2a32ce9c7a808c2c3efcc2c3dac032dfc8ea
1740538,efca2a32ce9c7a808c2c3efcc2c3dac032dfc8ea
2271668292,391a5f286f814d852dddcab1b2b68e5c1af6c79e
2283098327,391a5f286f814d852dddcab1b2b68e5c1af6c79e
2286440807,391a5f286f814d852dddcab1b2b68e5c1af6c79e
2286232238,391a5f286f814d852dddcab1b2b68e5c1af6c79e
2448041,933baeec555352784848a93284c9dd0e79477759
47641392,933baeec555352784848a93284c9dd0e79477759
3059861,933baeec555352784848a93284c9dd0e79477759
98639980,933baeec555352784848a93284c9dd0e79477759
2735257,b473e91cbe80c8b46451b49153cd5f93030480ab
1772062,b473e91cbe80c8b46451b49153cd5f93030480ab
1690610,b473e91cbe80c8b46451b49153cd5f93030480ab
1683959,b473e91cbe80c8b46451b49153cd5f93030480ab
2056343176,56266342b01a4f2ddc28a1e8401dbbad105736a5
134403952,56266342b01a4f2ddc28a1e8401dbbad105736a5
2277388,56266342b01a4f2ddc28a1e8401dbbad105736a5
2719926,56266342b01a4f2ddc28a1e8401dbbad105736a5
2275848903,73d4accea441aae2373828a8dc2175aa2759c38f
102309470,73d4accea441aae2373828a8dc2175aa2759c38f
2240347692,73d4accea441aae2373828a8dc2175aa2759c38f
3797258,4d1fdd81f033cd58f3723bfc61e7d12079647a7a
39714312,4d1fdd81f033cd58f3723bfc61e7d12079647a7a
1809915,37b0a7a6c8fb26e32b9206847e78d521a2cd5900
1723353821,37b0a7a6c8fb26e32b9206847e78d521a2cd5900
1725285,37b0a7a6c8fb26e32b9206847e78d521a2cd5900
97912846,733fc094e785724621c46e20db1be69f132ad9df
52132700,733fc094e785724621c46e20db1be69f132ad9df
100960057,733fc094e785724621c46e20db1be69f132ad9df
66319662,733fc094e785724621c46e20db1be69f132ad9df
150129010,733fc094e785724621c46e20db1be69f132ad9df
2059356907,733fc094e785724621c46e20db1be69f132ad9df
92799939,733fc094e785724621c46e20db1be69f132ad9df
48803731,9198d6ab8ad1c6f1527a7d4adf06809848bf23c7
1804075,9198d6ab8ad1c6f1527a7d4adf06809848bf23c7
3307051,9198d6ab8ad1c6f1527a7d4adf06809848bf23c7
145620991,9198d6ab8ad1c6f1527a7d4adf06809848bf23c7
153909377,9198d6ab8ad1c6f1527a7d4adf06809848bf23c7
35043342,9198d6ab8ad1c6f1527a7d4adf06809848bf23c7
1802882,9198d6ab8ad1c6f1527a7d4adf06809848bf23c7
2055050266,9198d6ab8ad1c6f1527a7d4adf06809848bf23c7
2158235850,9198d6ab8ad1c6f1527a7d4adf06809848bf23c7
2250062,9198d6ab8ad1c6f1527a7d4adf06809848bf23c7
1825498,8f0d7df1e34867682d0816a38ef4a9bf4a74509c
2394689,8f0d7df1e34867682d0816a38ef4a9bf4a74509c
1949827,8f0d7df1e34867682d0816a38ef4a9bf4a74509c
1741232,8f0d7df1e34867682d0816a38ef4a9bf4a74509c
1752945,78e40584f0d149bf6f98beb5561b7b83cb68e1b1
51202981,78e40584f0d149bf6f98beb5561b7b83cb68e1b1
49415495,16575f23ff879e6353a55bbfbbcc54e27606bfc5
8991498,16575f23ff879e6353a55bbfbbcc54e27606bfc5
1826467,16575f23ff879e6353a55bbfbbcc54e27606bfc5
29011153,80dd97954ddf3edd22d4cb21f0ac31b7ffed6bbf
50556355,80dd97954ddf3edd22d4cb21f0ac31b7ffed6bbf
2277231466,10d89b13a6309a531c35701d37d3bd76a27a3942
2288855760,10d89b13a6309a531c35701d37d3bd76a27a3942
47212878,bc6dbcaf4d2c76e618ae3f1043fd7276cbdf7f9b
49790135,bc6dbcaf4d2c76e618ae3f1043fd7276cbdf7f9b
145451018,bc6dbcaf4d2c76e618ae3f1043fd7276cbdf7f9b
2066084551,bc6dbcaf4d2c76e618ae3f1043fd7276cbdf7f9b
1696238,dac7344737cb824634f757aede2dd46a6eed204b
2742266,dac7344737cb824634f757aede2dd46a6eed204b
1979817,1e4709c0b8fe3bf759cd64dc1ede695d6e5316f0
2142983,1e4709c0b8fe3bf759cd64dc1ede695d6e5316f0
1725285,1e4709c0b8fe3bf759cd64dc1ede695d6e5316f0
1809915,1e4709c0b8fe3bf759cd64dc1ede695d6e5316f0
145539319,1e4709c0b8fe3bf759cd64dc1ede695d6e5316f0
50076239,1e4709c0b8fe3bf759cd64dc1ede695d6e5316f0
8752082,78aab73ed574393ab421f25b3a0e3f7343e64748
2606653,78aab73ed574393ab421f25b3a0e3f7343e64748
2108409767,78aab73ed574393ab421f25b3a0e3f7343e64748
2159706268,78aab73ed574393ab421f25b3a0e3f7343e64748
9313397,78aab73ed574393ab421f25b3a0e3f7343e64748
2265002225,3b217403302f9cb9d9685404c7646de7bc0db428
2264425447,3b217403302f9cb9d9685404c7646de7bc0db428
35641358,718b5a40dba91bfa0bdfb9ac9ca4381425d2ff95
1482559324,718b5a40dba91bfa0bdfb9ac9ca4381425d2ff95
143991343,718b5a40dba91bfa0bdfb9ac9ca4381425d2ff95
3009404,f11cba099b8cf14815f7b3d85f55ecfddbf9f04d
3226264,f11cba099b8cf14815f7b3d85f55ecfddbf9f04d
1725167,f11cba099b8cf14815f7b3d85f55ecfddbf9f04d
144774666,f11cba099b8cf14815f7b3d85f55ecfddbf9f04d
12619004,f11cba099b8cf14815f7b3d85f55ecfddbf9f04d
152117542,b52db9e41e15f76bdcfbe674abe0314af545c430
40362338,de6cf3534f39748a223b9bb2b59d2e7ffcb6ae03
145607066,de6cf3534f39748a223b9bb2b59d2e7ffcb6ae03
122358516,e449b9b3fe04fe260731a3c74d2123bf6eaadf5b
51228069,e449b9b3fe04fe260731a3c74d2123bf6eaadf5b
1705671,e449b9b3fe04fe260731a3c74d2123bf6eaadf5b
1920715,e449b9b3fe04fe260731a3c74d2123bf6eaadf5b
145963904,2660dcf5bd16d14862a7bbb241fa4d85ae34327f
3264408,2660dcf5bd16d14862a7bbb241fa4d85ae34327f
1940692,2660dcf5bd16d14862a7bbb241fa4d85ae34327f
145463228,2660dcf5bd16d14862a7bbb241fa4d85ae34327f
143930319,2660dcf5bd16d14862a7bbb241fa4d85ae34327f
1740261,2660dcf5bd16d14862a7bbb241fa4d85ae34327f
1567584468,3dfa820702b6181c9964931f0a4d47fd298bf429
1743903,3dfa820702b6181c9964931f0a4d47fd298bf429
144849745,3dfa820702b6181c9964931f0a4d47fd298bf429
1580222881,3dfa820702b6181c9964931f0a4d47fd298bf429
1630595717,3dfa820702b6181c9964931f0a4d47fd298bf429
50846470,3dfa820702b6181c9964931f0a4d47fd298bf429
36472283,3dfa820702b6181c9964931f0a4d47fd298bf429
145155831,3dfa820702b6181c9964931f0a4d47fd298bf429
2996242,3dfa820702b6181c9964931f0a4d47fd298bf429
145153297,82870bc488b57cdf5ea62877109a7278af2926b3
144152608,3789eb72c32ecf5e33442570358dd786dd67c8a2
2541805,3789eb72c32ecf5e33442570358dd786dd67c8a2
1657286983,3789eb72c32ecf5e33442570358dd786dd67c8a2
1577833677,3789eb72c32ecf5e33442570358dd786dd67c8a2
71693831,3789eb72c32ecf5e33442570358dd786dd67c8a2
2424691,17fca92ffd527c78c5dc6c7953e96671743807fa
52222865,17fca92ffd527c78c5dc6c7953e96671743807fa
3357578,17fca92ffd527c78c5dc6c7953e96671743807fa
1716522,17fca92ffd527c78c5dc6c7953e96671743807fa
2125885487,c48e0bd0f36c25ab83befbc7b7da369b75fd25f5
152170791,c48e0bd0f36c25ab83befbc7b7da369b75fd25f5
2051250,247dec05283a1a521f99253a6cca6a5858cac0d2
143809890,247dec05283a1a521f99253a6cca6a5858cac0d2
2327630,247dec05283a1a521f99253a6cca6a5858cac0d2
70039026,247dec05283a1a521f99253a6cca6a5858cac0d2
1879141,247dec05283a1a521f99253a6cca6a5858cac0d2
1763674,8894d431a768a35dc7ca4d762ebdba4f407b978c
2865038,8894d431a768a35dc7ca4d762ebdba4f407b978c
33582313,8894d431a768a35dc7ca4d762ebdba4f407b978c
1390051934,8894d431a768a35dc7ca4d762ebdba4f407b978c
31411209,8894d431a768a35dc7ca4d762ebdba4f407b978c
1605658912,8894d431a768a35dc7ca4d762ebdba4f407b978c
1402417041,8894d431a768a35dc7ca4d762ebdba4f407b978c
4007395,8894d431a768a35dc7ca4d762ebdba4f407b978c
13084208,8894d431a768a35dc7ca4d762ebdba4f407b978c
39268701,8894d431a768a35dc7ca4d762ebdba4f407b978c
151067942,8894d431a768a35dc7ca4d762ebdba4f407b978c
14948487,8894d431a768a35dc7ca4d762ebdba4f407b978c
46994990,8894d431a768a35dc7ca4d762ebdba4f407b978c
48576550,8894d431a768a35dc7ca4d762ebdba4f407b978c
49701119,8894d431a768a35dc7ca4d762ebdba4f407b978c
1785886,8894d431a768a35dc7ca4d762ebdba4f407b978c
144252544,8894d431a768a35dc7ca4d762ebdba4f407b978c
2167765,8894d431a768a35dc7ca4d762ebdba4f407b978c
2762241,8894d431a768a35dc7ca4d762ebdba4f407b978c
91596213,8894d431a768a35dc7ca4d762ebdba4f407b978c
3245770,8894d431a768a35dc7ca4d762ebdba4f407b978c
39466716,4e13a8e8ba8d33e15ed037bfca7c651047533990
2055791334,4e13a8e8ba8d33e15ed037bfca7c651047533990
4096586,dbabab9bf5955558f73a37644f4bb626106a6d73
1696615,dbabab9bf5955558f73a37644f4bb626106a6d73
51224577,dbabab9bf5955558f73a37644f4bb626106a6d73
145550711,dbabab9bf5955558f73a37644f4bb626106a6d73
144543527,dbabab9bf5955558f73a37644f4bb626106a6d73
2247069462,9e3816be8cf4821d74e258de10ee471382936a30
2237824370,9e3816be8cf4821d74e258de10ee471382936a30
1971318,5bc511aa30f72720260d792e57537379fb04c395
22271779,5bc511aa30f72720260d792e57537379fb04c395
3281237,5bc511aa30f72720260d792e57537379fb04c395
30757622,0e33833f5e2e2719edfba1d142eb4d27f96e799f
1889986,0e33833f5e2e2719edfba1d142eb4d27f96e799f
3062994,0e33833f5e2e2719edfba1d142eb4d27f96e799f
35207612,b080d072cfde697180db3234da08903c092e72c3
40119435,b080d072cfde697180db3234da08903c092e72c3
2160518,b080d072cfde697180db3234da08903c092e72c3
48704195,b080d072cfde697180db3234da08903c092e72c3
145373888,d2ae65522ac50b7b68462f43e5774ff323c52421
1891097,d2ae65522ac50b7b68462f43e5774ff323c52421
40647665,d2ae65522ac50b7b68462f43e5774ff323c52421
46933871,c24d47ff95cd4bda073c75ec24ececaa3b10c995
152292148,c24d47ff95cd4bda073c75ec24ececaa3b10c995
2128523,c24d47ff95cd4bda073c75ec24ececaa3b10c995
2894178,c24d47ff95cd4bda073c75ec24ececaa3b10c995
1680649161,c24d47ff95cd4bda073c75ec24ececaa3b10c995
120783473,e8b7a9be9f2d0578a95319ed5841978e10429967
103731383,a60a4e5f7f872b9825ddff5d379857c2091ca52b
51218701,a60a4e5f7f872b9825ddff5d379857c2091ca52b
144078473,a60a4e5f7f872b9825ddff5d379857c2091ca52b
11918365,75c364909914f17791837ec88090262aa6656d3e
89037982,75c364909914f17791837ec88090262aa6656d3e
47798382,75c364909914f17791837ec88090262aa6656d3e
6050881,75c364909914f17791837ec88090262aa6656d3e
2961601,75c364909914f17791837ec88090262aa6656d3e
3615640,75c364909914f17791837ec88090262aa6656d3e
145772858,18d87bff073687c025f9bd23ab2dfb20d5f72a66
2116431916,18d87bff073687c025f9bd23ab2dfb20d5f72a66
38929912,18d87bff073687c025f9bd23ab2dfb20d5f72a66
9138305,18d87bff073687c025f9bd23ab2dfb20d5f72a66
1481047992,ba9b6f805feb62c978d384211f910790643a023e
1394504819,ba9b6f805feb62c978d384211f910790643a023e
2360190,ba9b6f805feb62c978d384211f910790643a023e
40360441,ba9b6f805feb62c978d384211f910790643a023e
144188958,697f2f3598057cd17cff7749d768cae0993c6727
50277477,697f2f3598057cd17cff7749d768cae0993c6727
1798121,697f2f3598057cd17cff7749d768cae0993c6727
1784067,697f2f3598057cd17cff7749d768cae0993c6727
144894714,e7c8fcbc24c73a576339e5f34f9f23f5ea732b3b
145802082,e7c8fcbc24c73a576339e5f34f9f23f5ea732b3b
38804760,e7c8fcbc24c73a576339e5f34f9f23f5ea732b3b
33006924,e7c8fcbc24c73a576339e5f34f9f23f5ea732b3b
1751969372,99f06e88e76f1af51d08d7adfb26d758ebc6acab
143902767,99f06e88e76f1af51d08d7adfb26d758ebc6acab
2057532745,99f06e88e76f1af51d08d7adfb26d758ebc6acab
2112329722,99f06e88e76f1af51d08d7adfb26d758ebc6acab
2610610,99f06e88e76f1af51d08d7adfb26d758ebc6acab
2072531339,99f06e88e76f1af51d08d7adfb26d758ebc6acab
145096938,8adb47deeef943c2c1bae41f9498a382fb818a16
89333756,8adb47deeef943c2c1bae41f9498a382fb818a16
46723193,8adb47deeef943c2c1bae41f9498a382fb818a16
145194157,9810bcaf5ac1792e6a2738a86f85ce270d448040
2140053420,9810bcaf5ac1792e6a2738a86f85ce270d448040
2112246116,9810bcaf5ac1792e6a2738a86f85ce270d448040
9870307,9810bcaf5ac1792e6a2738a86f85ce270d448040
145916712,9810bcaf5ac1792e6a2738a86f85ce270d448040
153189200,9810bcaf5ac1792e6a2738a86f85ce270d448040
80938908,9810bcaf5ac1792e6a2738a86f85ce270d448040
2141377585,9810bcaf5ac1792e6a2738a86f85ce270d448040
92015504,9810bcaf5ac1792e6a2738a86f85ce270d448040
9933376,9810bcaf5ac1792e6a2738a86f85ce270d448040
1390879413,9810bcaf5ac1792e6a2738a86f85ce270d448040
2144794493,cc1e82125f7f8636b25ccdcdb63e8f812add7f87
2302556600,cc1e82125f7f8636b25ccdcdb63e8f812add7f87
2075396941,cc1e82125f7f8636b25ccdcdb63e8f812add7f87
2152916916,cc1e82125f7f8636b25ccdcdb63e8f812add7f87
2149869431,cc1e82125f7f8636b25ccdcdb63e8f812add7f87
1735048,cc1e82125f7f8636b25ccdcdb63e8f812add7f87
2236529,cc1e82125f7f8636b25ccdcdb63e8f812add7f87
150202182,8d2142cf2b9ffdbdaf13473c39a6b1bd737d12ba
96997078,8d2142cf2b9ffdbdaf13473c39a6b1bd737d12ba
2215941,8d2142cf2b9ffdbdaf13473c39a6b1bd737d12ba
143930319,8d2142cf2b9ffdbdaf13473c39a6b1bd737d12ba
145993580,8d2142cf2b9ffdbdaf13473c39a6b1bd737d12ba
1504149495,8d2142cf2b9ffdbdaf13473c39a6b1bd737d12ba
1504080542,8d2142cf2b9ffdbdaf13473c39a6b1bd737d12ba
2113544439,8d2142cf2b9ffdbdaf13473c39a6b1bd737d12ba
71940750,0026ea8a0fd31bdc959a4b9ed4d449f3015be8d1
1657644010,0026ea8a0fd31bdc959a4b9ed4d449f3015be8d1
48633912,0026ea8a0fd31bdc959a4b9ed4d449f3015be8d1
90426770,0026ea8a0fd31bdc959a4b9ed4d449f3015be8d1
2717738,b0ee814c7a3eed260c9913861329c9f73e880d00
2235459675,7f5cd5b1340ac06ea38bd05373c30136a6f4c1ca
2296802333,7f5cd5b1340ac06ea38bd05373c30136a6f4c1ca
98495275,971c35bcab25fbf4fd4bb6e128cf2586f0ab1d67
143894735,971c35bcab25fbf4fd4bb6e128cf2586f0ab1d67
115609123,971c35bcab25fbf4fd4bb6e128cf2586f0ab1d67
2115552258,521e5c337be51b8f8fdb858580bb46a0545ab1f9
144848119,521e5c337be51b8f8fdb858580bb46a0545ab1f9
2685045,521e5c337be51b8f8fdb858580bb46a0545ab1f9
1688642,521e5c337be51b8f8fdb858580bb46a0545ab1f9
39496312,1f8a23697562b001082b147779b5eaefd3513d0a
50663909,1f8a23697562b001082b147779b5eaefd3513d0a
1780833,1f8a23697562b001082b147779b5eaefd3513d0a
144386157,1f8a23697562b001082b147779b5eaefd3513d0a
2288804757,1f8a23697562b001082b147779b5eaefd3513d0a
1685102,1f8a23697562b001082b147779b5eaefd3513d0a
1704327,1f8a23697562b001082b147779b5eaefd3513d0a
30912359,1f8a23697562b001082b147779b5eaefd3513d0a
65925190,1f8a23697562b001082b147779b5eaefd3513d0a
144263850,1f8a23697562b001082b147779b5eaefd3513d0a
3145906,1f8a23697562b001082b147779b5eaefd3513d0a
1739490,1f8a23697562b001082b147779b5eaefd3513d0a
1693341,1f8a23697562b001082b147779b5eaefd3513d0a
28956425,1f8a23697562b001082b147779b5eaefd3513d0a
33769943,1f8a23697562b001082b147779b5eaefd3513d0a
2111337069,1f8a23697562b001082b147779b5eaefd3513d0a
101768561,ed9e7821b3e51c7e59183300d6c8cf90c8de0f26
4902441,ed9e7821b3e51c7e59183300d6c8cf90c8de0f26
32343498,ed9e7821b3e51c7e59183300d6c8cf90c8de0f26
4478199,ed9e7821b3e51c7e59183300d6c8cf90c8de0f26
4488990,d63b884d5ebc739f6e1bdf861fa9276260781404
1404786833,d63b884d5ebc739f6e1bdf861fa9276260781404
1683936,d63b884d5ebc739f6e1bdf861fa9276260781404
145837053,d63b884d5ebc739f6e1bdf861fa9276260781404
144728286,243d553f1fc5b7ee8cfb6f49629f3a0a32b2c5c5
1694705,243d553f1fc5b7ee8cfb6f49629f3a0a32b2c5c5
71219359,243d553f1fc5b7ee8cfb6f49629f3a0a32b2c5c5
2314246,d65d64c3f6ea322d9e85138fe5c8e85acbf661e3
2087083011,d65d64c3f6ea322d9e85138fe5c8e85acbf661e3
8043060,d65d64c3f6ea322d9e85138fe5c8e85acbf661e3
49673304,d65d64c3f6ea322d9e85138fe5c8e85acbf661e3
1682727,d65d64c3f6ea322d9e85138fe5c8e85acbf661e3
145681778,d65d64c3f6ea322d9e85138fe5c8e85acbf661e3
51925440,d99e88d3c1821857ca6945470698351925f9737f
1725285,d99e88d3c1821857ca6945470698351925f9737f
8566633,d99e88d3c1821857ca6945470698351925f9737f
1809915,d99e88d3c1821857ca6945470698351925f9737f
1792647,6eefbb79f98e902e9d2efa057bfea174843bf3dc
2065509293,6eefbb79f98e902e9d2efa057bfea174843bf3dc
107864595,8e6d0ed32aaa5e3d7c598d5a2ace76eab8485801
121660594,8e6d0ed32aaa5e3d7c598d5a2ace76eab8485801
7452993,91fc647899f801c9d351349ce73779918f90a713
114139456,91fc647899f801c9d351349ce73779918f90a713
2193799,ecef432e7f6c9f431d5b34706a8de1fdebec46f9
34734228,ecef432e7f6c9f431d5b34706a8de1fdebec46f9
143920977,ecef432e7f6c9f431d5b34706a8de1fdebec46f9
5190887,ecef432e7f6c9f431d5b34706a8de1fdebec46f9
143833453,ecef432e7f6c9f431d5b34706a8de1fdebec46f9
73773486,ecef432e7f6c9f431d5b34706a8de1fdebec46f9
1836456,ecef432e7f6c9f431d5b34706a8de1fdebec46f9
2044599,ecef432e7f6c9f431d5b34706a8de1fdebec46f9
15210212,ecef432e7f6c9f431d5b34706a8de1fdebec46f9
