person_id,organization_id
100960057,org7
101768561,org4
10217996,org4
102309470,org7
102471415,org7
103731383,org8
103774486,org2
105033100,org2
107864595,org1
114139456,org4
115609123,org3
11918365,org2
119723024,org8
12013287,org5
120550117,org3
120615721,org1
120783473,org8
121660594,org10
121781054,org6
122358516,org4
12619004,org2
13084208,org9
13290587,org6
133551208,org6
134251468,org10
134403952,org10
1389415257,org9
1390051934,org2
1390879413,org1
1394504819,org4
1394869912,org6
1398238537,org7
1399003993,org4
1400900759,org7
1401234110,org7
1402417041,org6
1403270550,org1
1403594377,org3
1403702365,org5
1403809434,org9
1403835168,org4
1403979144,org6
1404786833,org10
1409306700,org9
1410733743,org4
1419556433,org4
143649421,org3
143663410,org2
143704623,org10
143769760,org8
143809890,org6
143833453,org6
143842962,org8
143879633,org4
143894735,org4
143902767,org6
143906110,org9
143908700,org9
143908701,org4
143915524,org5
143920977,org7
143930319,org10
143991343,org5
144007515,org10
144024329,org3
144039860,org9
144078473,org8
144152608,org5
144153647,org5
144171096,org5
144186679,org8
144188958,org2
144189527,org7
144245703,org6
144252544,org9
144263850,org5
144302930,org2
144304984,org4
144329188,org2
144386157,org5
144392618,org8
144416706,org7
144494743,org5
144543527,org10
144568027,org8
144605904,org6
144641551,org3
144658846,org6
144666776,org5
144668991,org5
144683061,org8
144728286,org1
144750678,org4
144768011,org9
144773815,org9
144774666,org2
144847901,org1
144848119,org3
144849745,org3
144850855,org10
144894714,org2
144929055,org5
144984672,org6
145002767,org4
145044578,org8
145070630,org10
145096938,org1
145153297,org10
145155831,org6
145165793,org8
145173699,org1
145194157,org4
145219017,org3
145250139,org1
145301017,org9
145305773,org10
145322246,org5
145326878,org1
145373888,org2
145451018,org4
145463228,org6
145472032,org8
145479025,org1
145539319,org1
145550711,org5
145580839,org5
145607066,org1
145620991,org9
145681778,org9
145739536,org3
145770133,org8
145772858,org7
145802082,org9
145837053,org2
145916712,org4
145963904,org9
145986014,org7
145993580,org7
1481047992,org2
1482559324,org6
14886336,org5
1490967734,org8
14948487,org2
1500673788,org10
150129010,org2
150202182,org9
15022199,org9
150349792,org2
1504080542,org4
1504149495,org1
151067942,org5
151121638,org2
15210212,org4
152117542,org5
152170791,org4
152292148,org5
153189200,org4
153250242,org2
153909377,org10
1567584468,org1
1577833677,org7
1580222881,org9
1605658912,org9
1630595717,org2
1657286983,org6
1657644010,org1
1680649161,org6
1681226,org9
1682727,org6
1683936,org4
1683959,org9
1684751,org6
1685097,org1
1685102,org2
1688642,org9
1690610,org5
1693341,org9
1693933,org5
1694512,org6
1694705,org8
1695194,org6
1696238,org6
1696394,org2
1696615,org6
1698784963,org6
1699192,org1
1702139,org8
1702306,org5
1702467,org9
1702878,org9
1703204,org9
1704327,org5
1705151,org2
1705375,org3
1705671,org5
1706223,org9
1706922,org5
1708906,org8
1709784,org3
1712422,org5
1713030,org10
1713172,org9
1713648,org10
1714025,org1
1716043,org2
1716522,org9
1718274,org2
1721711,org4
1723353821,org10
1725167,org4
1725285,org10
1729840,org7
1730344,org2
1733290,org1
1734682,org3
1735048,org5
1736546,org6
1739490,org8
1740261,org4
1740538,org8
1740822681,org5
1741232,org8
1741342,org6
1741346,org9
1743774,org7
1743903,org8
1746173,org2
1746871,org6
1751143,org2
1751969372,org5
1752888049,org5
1752945,org7
1763674,org1
1764975,org5
17711197,org5
1772062,org7
1772311,org3
1774041,org5
1777646,org8
1780833,org6
1784067,org2
1785886,org9
1791547,org9
1792351,org4
1792647,org6
1794160,org6
1796394,org4
1798121,org9
1798186,org1
1802882,org2
1803518,org7
1804075,org8
1804361,org1
1809608,org2
1809915,org5
1817470,org10
1821099,org5
1825498,org5
1826467,org9
1828049,org1
18356904,org7
1836456,org9
1850588,org5
1860924,org10
1864298,org1
1864942,org5
1879141,org4
1881965,org7
1889986,org5
1891097,org4
1891554,org4
1894887,org1
1897202,org3
1903243,org8
1903798,org3
1920715,org3
1940692,org6
1949827,org6
1950081,org1
1968180,org1
1971318,org9
1977200,org1
1979817,org10
2019538,org1
2028869,org7
2044319,org2
2044599,org8
2051250,org7
2054073851,org4
2055050266,org9
2055791334,org10
2056343176,org3
2057331457,org1
2057532745,org2
2058740,org2
2059356907,org4
2059572334,org6
2061173271,org4
2064249638,org8
2064473584,org9
2064791867,org7
2065468132,org8
2065509293,org10
2066074494,org7
2066084551,org9
2066369448,org2
2068352939,org5
2069618919,org9
2070105034,org4
2072531339,org3
2073559355,org2
2073794811,org1
2075396941,org5
2078490339,org6
2079538975,org6
2080434643,org9
2080786832,org3
2082595527,org6
2083295023,org7
2084117002,org2
2087066452,org1
2087083011,org3
2089333,org9
2092936661,org9
2102129,org4
21024202,org10
2102926579,org9
2108047195,org6
2108122564,org10
2108409767,org4
2109461904,org10
2109590665,org1
2110490847,org2
2110677374,org9
2110812737,org2
2111034665,org3
2111337069,org1
2112246116,org10
2112329722,org9
2112395404,org5
2113276011,org1
2113544439,org1
2115552258,org4
2116431916,org2
2118913820,org8
2118916449,org10
2121691833,org2
2121692012,org9
2121692039,org4
2121701124,org8
2124626283,org3
2125031571,org3
2125673249,org3
2125885487,org10
2128523,org4
2134146,org8
2139634153,org8
2140053420,org2
2141377585,org7
2142983,org5
2143272549,org1
2143716975,org4
2144586446,org9
2144794493,org6
2145774899,org7
2146248481,org8
2149052058,org3
2149869431,org9
2150706913,org4
2150744,org10
2152634067,org8
2152916916,org4
2153527172,org1
2153911296,org10
2156059845,org8
2158235850,org4
2159706268,org1
2160518,org8
2167765,org6
2176030144,org1
2176381,org5
2180167644,org1
2186480691,org3
2193799,org4
2193901,org2
2198707,org7
2200528122,org8
2200758545,org5
2207212,org5
2207401,org6
2215941,org6
2216703472,org10
2217073,org1
2220934,org9
22271779,org5
2235459675,org7
2236429,org9
2236529,org10
2237403667,org5
2237824370,org1
2238861,org7
2240347692,org2
2241838,org4
2247069462,org8
2250062,org2
2257020336,org5
22573315,org9
2261850659,org8
2264425447,org10
2265002225,org10
2269971203,org3
2271668292,org9
2271992963,org7
2275848903,org4
2277231466,org7
2277388,org4
2283098327,org7
2283455003,org4
2285074747,org9
2285406,org1
2286232238,org6
2286440807,org10
2287603163,org7
2288804757,org2
2288855760,org10
2289710033,org9
2296802333,org3
2298635186,org8
2302556600,org1
2314246,org8
2327630,org5
2335456,org6
2338598,org3
2341999,org4
2348402835,org2
2360190,org8
23605695,org9
2371988,org7
2394689,org10
2409325,org7
2410119,org1
2414189,org1
2416504,org2
2424691,org8
2434366,org2
2448041,org6
2454799,org10
2460428,org2
2468335,org9
2478931,org2
25003800,org7
2503073,org4
2516234,org3
2520357,org3
2521667,org10
25355201,org1
2541805,org4
2559032,org8
25635969,org5
2573120,org1
2589314,org10
2590886,org2
2606269,org8
2606653,org10
2610610,org5
2661384,org3
2685045,org3
2717738,org3
2719926,org6
2728740,org2
2730618,org3
2731035,org5
2735257,org9
2742266,org7
2748632,org3
2749823,org7
2762241,org4
2772109,org10
2790411,org3
2835741,org8
2841157,org2
2855934,org1
2856719,org7
2865038,org4
2872113,org9
2873542,org1
2881033,org5
2894178,org7
28956425,org7
29011153,org6
2919642,org3
2922951,org10
2948541,org9
2961601,org6
2967413,org2
2969299,org8
2982298,org5
2996242,org9
3009404,org4
3016228,org8
3019221,org7
3019341,org3
3059861,org4
3062994,org2
30757622,org1
3083019,org10
30912359,org8
3118051,org2
3132693,org9
31380655,org3
31411209,org2
31435894,org7
3145906,org9
31472189,org3
31590259,org1
3159707,org4
31846192,org8
3188030,org9
3215556,org5
3226264,org7
32267146,org2
32336300,org5
32343498,org3
3245770,org8
3246503,org8
32535366,org6
3255268,org10
3255652,org8
3264408,org8
3281237,org5
3291006,org7
33006924,org1
3307051,org4
3308719,org8
33163897,org3
3357578,org6
33582313,org7
33769943,org8
3393755,org3
34069293,org2
34110040,org1
3418946,org9
34399700,org6
34533996,org8
34580886,org9
3470782,org2
34734228,org6
34815790,org4
34856697,org1
34859953,org5
35003282,org2
35043342,org1
35089024,org6
35106192,org8
35207612,org5
35436614,org9
35641358,org4
35655815,org6
35774662,org7
3615640,org1
36472283,org7
36994619,org9
3797258,org5
38152929,org10
38608914,org1
38736958,org8
38804760,org6
38818867,org2
38929912,org7
39060992,org1
39064908,org9
39268701,org5
39269062,org8
39466716,org7
39496312,org5
39592606,org5
39714312,org3
40046694,org8
4007395,org9
40119435,org4
4023152,org4
40360441,org10
40362338,org4
40451574,org6
4047075,org9
40647665,org4
40892737,org3
40895294,org8
4096586,org10
40977242,org8
4098270,org6
40996948,org6
4383001,org2
4478199,org1
4488990,org10
46207591,org6
46234199,org9
46251839,org3
46432110,org5
46584628,org5
46723193,org10
46933871,org8
46994990,org9
47010888,org7
47212878,org9
47232798,org1
47474337,org10
47539394,org6
47557631,org6
47641392,org5
47666658,org10
47774578,org4
47795877,org9
47798382,org2
48024382,org8
48035814,org2
48107154,org1
48528884,org1
48576550,org4
48633912,org5
48662628,org5
48667025,org9
48704195,org9
48803731,org7
4902441,org9
49061836,org8
49247239,org4
49330176,org10
49415495,org2
49673304,org7
49701119,org6
49776606,org2
49790135,org5
49839849,org5
50076239,org1
50118077,org1
50277477,org1
50378124,org8
50378979,org3
50384351,org8
50470670,org6
50556355,org10
50561597,org1
50663909,org6
50669606,org1
50701671,org1
50846470,org9
51017707,org2
51202981,org9
51218701,org7
51224577,org1
51228069,org6
51228791,org4
51229930,org1
51488437,org7
5190887,org4
51925440,org5
52132700,org1
52222865,org4
52561170,org8
6050881,org2
6324301,org4
65925190,org5
65965701,org6
66319662,org1
70039026,org8
71219359,org8
71371263,org4
71636032,org4
71693831,org2
71940750,org4
72166011,org5
73773486,org2
7452993,org10
80193067,org10
8043060,org7
80938908,org7
82250495,org2
8349792,org1
8566633,org3
8613913,org9
8752082,org8
89037982,org5
89333756,org7
89377594,org2
8991498,org8
9031926,org5
90426770,org3
9083969,org2
9097705,org5
9106917,org9
9138305,org4
9139705,org10
91596213,org1
92015504,org2
92799939,org3
9313397,org8
9613825,org2
96510111,org6
96997078,org1
9766598,org10
97912846,org1
98495275,org5
98639980,org5
9870307,org8
9933376,org8
